"Year","Geography","DGUID","MedianAfterTaxIncome"
"2012","Newfoundland and Labrador","2021A000210","33200"
"2012","Prince Edward Island","2021A000211","33900"
"2012","Nova Scotia","2021A000212","34100"
"2012","New Brunswick","2021A000213","32900"
"2012","Quebec","2021A000224","34500"
"2012","Ontario","2021A000235","36000"
"2012","Manitoba","2021A000246","35500"
"2012","Saskatchewan","2021A000247","41000"
"2012","Alberta","2021A000248","45400"
"2012","British Columbia","2021A000259","34800"
"2013","Newfoundland and Labrador","2021A000210","35400"
"2013","Prince Edward Island","2021A000211","34500"
"2013","Nova Scotia","2021A000212","35100"
"2013","New Brunswick","2021A000213","34200"
"2013","Quebec","2021A000224","35200"
"2013","Ontario","2021A000235","36000"
"2013","Manitoba","2021A000246","37700"
"2013","Saskatchewan","2021A000247","41300"
"2013","Alberta","2021A000248","46000"
"2013","British Columbia","2021A000259","35700"
"2014","Newfoundland and Labrador","2021A000210","35400"
"2014","Prince Edward Island","2021A000211","34500"
"2014","Nova Scotia","2021A000212","35200"
"2014","New Brunswick","2021A000213","35100"
"2014","Quebec","2021A000224","36000"
"2014","Ontario","2021A000235","37200"
"2014","Manitoba","2021A000246","37600"
"2014","Saskatchewan","2021A000247","43000"
"2014","Alberta","2021A000248","46000"
"2014","British Columbia","2021A000259","36700"
"2015","Newfoundland and Labrador","2021A000210","34700"
"2015","Prince Edward Island","2021A000211","35300"
"2015","Nova Scotia","2021A000212","34600"
"2015","New Brunswick","2021A000213","34400"
"2015","Quebec","2021A000224","35700"
"2015","Ontario","2021A000235","36900"
"2015","Manitoba","2021A000246","37900"
"2015","Saskatchewan","2021A000247","43200"
"2015","Alberta","2021A000248","45100"
"2015","British Columbia","2021A000259","35900"
"2016","Newfoundland and Labrador","2021A000210","35000"
"2016","Prince Edward Island","2021A000211","34300"
"2016","Nova Scotia","2021A000212","35700"
"2016","New Brunswick","2021A000213","35200"
"2016","Quebec","2021A000224","36500"
"2016","Ontario","2021A000235","37200"
"2016","Manitoba","2021A000246","37600"
"2016","Saskatchewan","2021A000247","42200"
"2016","Alberta","2021A000248","42700"
"2016","British Columbia","2021A000259","36800"
"2017","Newfoundland and Labrador","2021A000210","35400"
"2017","Prince Edward Island","2021A000211","35500"
"2017","Nova Scotia","2021A000212","35700"
"2017","New Brunswick","2021A000213","35500"
"2017","Quebec","2021A000224","37200"
"2017","Ontario","2021A000235","38100"
"2017","Manitoba","2021A000246","38000"
"2017","Saskatchewan","2021A000247","41800"
"2017","Alberta","2021A000248","44900"
"2017","British Columbia","2021A000259","38300"
"2018","Newfoundland and Labrador","2021A000210","36000"
"2018","Prince Edward Island","2021A000211","36000"
"2018","Nova Scotia","2021A000212","36200"
"2018","New Brunswick","2021A000213","36100"
"2018","Quebec","2021A000224","37400"
"2018","Ontario","2021A000235","38900"
"2018","Manitoba","2021A000246","37500"
"2018","Saskatchewan","2021A000247","41500"
"2018","Alberta","2021A000248","44200"
"2018","British Columbia","2021A000259","38600"
"2018","Yukon","2021A000260","52700"
"2018","Northwest Territories","2021A000261","52600"
"2018","Nunavut","2021A000262","41000"
"2019","Newfoundland and Labrador","2021A000210","35900"
"2019","Prince Edward Island","2021A000211","36800"
"2019","Nova Scotia","2021A000212","36500"
"2019","New Brunswick","2021A000213","37100"
"2019","Quebec","2021A000224","38800"
"2019","Ontario","2021A000235","39300"
"2019","Manitoba","2021A000246","38000"
"2019","Saskatchewan","2021A000247","41600"
"2019","Alberta","2021A000248","44400"
"2019","British Columbia","2021A000259","39700"
"2019","Yukon","2021A000260","56700"
"2019","Northwest Territories","2021A000261","57800"
"2019","Nunavut","2021A000262","40900"
"2020","Newfoundland and Labrador","2021A000210","39500"
"2020","Prince Edward Island","2021A000211","39400"
"2020","Nova Scotia","2021A000212","38700"
"2020","New Brunswick","2021A000213","38400"
"2020","Quebec","2021A000224","41500"
"2020","Ontario","2021A000235","41300"
"2020","Manitoba","2021A000246","39800"
"2020","Saskatchewan","2021A000247","43100"
"2020","Alberta","2021A000248","44800"
"2020","British Columbia","2021A000259","42800"
"2020","Yukon","2021A000260","53100"
"2020","Northwest Territories","2021A000261","61800"
"2020","Nunavut","2021A000262","43700"
"2021","Newfoundland and Labrador","2021A000210","37800"
"2021","Prince Edward Island","2021A000211","38500"
"2021","Nova Scotia","2021A000212","38100"
"2021","New Brunswick","2021A000213","38900"
"2021","Quebec","2021A000224","41600"
"2021","Ontario","2021A000235","41500"
"2021","Manitoba","2021A000246","39100"
"2021","Saskatchewan","2021A000247","42900"
"2021","Alberta","2021A000248","43400"
"2021","British Columbia","2021A000259","42200"
"2021","Yukon","2021A000260","58900"
"2021","Northwest Territories","2021A000261","57600"
"2021","Nunavut","2021A000262","43900"
"2022","Newfoundland and Labrador","2021A000210","37100"
"2022","Prince Edward Island","2021A000211","37500"
"2022","Nova Scotia","2021A000212","36100"
"2022","New Brunswick","2021A000213","37400"
"2022","Quebec","2021A000224","41100"
"2022","Ontario","2021A000235","40000"
"2022","Manitoba","2021A000246","37500"
"2022","Saskatchewan","2021A000247","41600"
"2022","Alberta","2021A000248","42300"
"2022","British Columbia","2021A000259","41200"
"2022","Yukon","2021A000260","54800"
"2022","Northwest Territories","2021A000261","57100"
"2022","Nunavut","2021A000262","32000"
"2023","Newfoundland and Labrador","2021A000210","36200"
"2023","Prince Edward Island","2021A000211","37900"
"2023","Nova Scotia","2021A000212","36700"
"2023","New Brunswick","2021A000213","37400"
"2023","Quebec","2021A000224","41000"
"2023","Ontario","2021A000235","40600"
"2023","Manitoba","2021A000246","38600"
"2023","Saskatchewan","2021A000247","41300"
"2023","Alberta","2021A000248","42800"
"2023","British Columbia","2021A000259","41800"
"2023","Yukon","2021A000260","54400"
"2023","Northwest Territories","2021A000261","56600"
"2023","Nunavut","2021A000262","35200"
"2024","Newfoundland and Labrador","2021A000210","37500"
"2024","Prince Edward Island","2021A000211","37500"
"2024","Nova Scotia","2021A000212","38400"
"2024","New Brunswick","2021A000213","38300"
"2024","Quebec","2021A000224","41300"
"2024","Ontario","2021A000235","39900"
"2024","Manitoba","2021A000246","37900"
"2024","Saskatchewan","2021A000247","41700"
"2024","Alberta","2021A000248","42000"
"2024","British Columbia","2021A000259","41200"
"2024","Yukon","2021A000260","55900"
"2024","Northwest Territories","2021A000261","61400"
"2024","Nunavut","2021A000262","38200"
