"Date","Geography","DGUID","RetailSalesThousands"
"2021-01-01","Newfoundland and Labrador","2021A000210","111158"
"2021-01-01","Prince Edward Island","2021A000211","36932"
"2021-01-01","Nova Scotia","2021A000212","222208"
"2021-01-01","New Brunswick","2021A000213","168634"
"2021-01-01","Quebec","2021A000224","2138591"
"2021-01-01","Ontario","2021A000235","3141812"
"2021-01-01","Manitoba","2021A000246","343457"
"2021-01-01","Saskatchewan","2021A000247","227415"
"2021-01-01","Alberta","2021A000248","1038547"
"2021-01-01","British Columbia","2021A000259","1274074"
"2021-01-01","Nunavut","2021A000262","34809"
"2021-02-01","Newfoundland and Labrador","2021A000210","110040"
"2021-02-01","Prince Edward Island","2021A000211","33845"
"2021-02-01","Nova Scotia","2021A000212","204186"
"2021-02-01","New Brunswick","2021A000213","144733"
"2021-02-01","Quebec","2021A000224","1742324"
"2021-02-01","Ontario","2021A000235","2757696"
"2021-02-01","Manitoba","2021A000246","308187"
"2021-02-01","Saskatchewan","2021A000247","206169"
"2021-02-01","Alberta","2021A000248","933967"
"2021-02-01","British Columbia","2021A000259","1162496"
"2021-02-01","Nunavut","2021A000262","32864"
"2021-03-01","Newfoundland and Labrador","2021A000210","114906"
"2021-03-01","Prince Edward Island","2021A000211","37100"
"2021-03-01","Nova Scotia","2021A000212","218338"
"2021-03-01","New Brunswick","2021A000213","158646"
"2021-03-01","Quebec","2021A000224","1867727"
"2021-03-01","Ontario","2021A000235","2870143"
"2021-03-01","Manitoba","2021A000246","320150"
"2021-03-01","Saskatchewan","2021A000247","237981"
"2021-03-01","Alberta","2021A000248","981604"
"2021-03-01","British Columbia","2021A000259","1198947"
"2021-03-01","Nunavut","2021A000262","39090"
"2021-04-01","Newfoundland and Labrador","2021A000210","109280"
"2021-04-01","Prince Edward Island","2021A000211","36776"
"2021-04-01","Nova Scotia","2021A000212","220724"
"2021-04-01","New Brunswick","2021A000213","162866"
"2021-04-01","Quebec","2021A000224","1933203"
"2021-04-01","Ontario","2021A000235","2988037"
"2021-04-01","Manitoba","2021A000246","316762"
"2021-04-01","Saskatchewan","2021A000247","230838"
"2021-04-01","Alberta","2021A000248","1015755"
"2021-04-01","British Columbia","2021A000259","1233872"
"2021-04-01","Nunavut","2021A000262","37437"
"2021-05-01","Newfoundland and Labrador","2021A000210","120667"
"2021-05-01","Prince Edward Island","2021A000211","39081"
"2021-05-01","Nova Scotia","2021A000212","246909"
"2021-05-01","New Brunswick","2021A000213","171442"
"2021-05-01","Quebec","2021A000224","2038288"
"2021-05-01","Ontario","2021A000235","3129990"
"2021-05-01","Manitoba","2021A000246","343706"
"2021-05-01","Saskatchewan","2021A000247","255736"
"2021-05-01","Alberta","2021A000248","1066408"
"2021-05-01","British Columbia","2021A000259","1304945"
"2021-05-01","Nunavut","2021A000262","37806"
"2021-06-01","Newfoundland and Labrador","2021A000210","112777"
"2021-06-01","Prince Edward Island","2021A000211","38705"
"2021-06-01","Nova Scotia","2021A000212","233303"
"2021-06-01","New Brunswick","2021A000213","159471"
"2021-06-01","Quebec","2021A000224","1918390"
"2021-06-01","Ontario","2021A000235","2914819"
"2021-06-01","Manitoba","2021A000246","339018"
"2021-06-01","Saskatchewan","2021A000247","246954"
"2021-06-01","Alberta","2021A000248","1006636"
"2021-06-01","British Columbia","2021A000259","1222338"
"2021-06-01","Nunavut","2021A000262","36353"
"2021-07-01","Newfoundland and Labrador","2021A000210","118141"
"2021-07-01","Prince Edward Island","2021A000211","43015"
"2021-07-01","Nova Scotia","2021A000212","243718"
"2021-07-01","New Brunswick","2021A000213","175930"
"2021-07-01","Quebec","2021A000224","1960056"
"2021-07-01","Ontario","2021A000235","3007993"
"2021-07-01","Manitoba","2021A000246","344469"
"2021-07-01","Saskatchewan","2021A000247","252336"
"2021-07-01","Alberta","2021A000248","1027918"
"2021-07-01","British Columbia","2021A000259","1294311"
"2021-07-01","Nunavut","2021A000262","36006"
"2021-08-01","Newfoundland and Labrador","2021A000210","119646"
"2021-08-01","Prince Edward Island","2021A000211","42391"
"2021-08-01","Nova Scotia","2021A000212","231268"
"2021-08-01","New Brunswick","2021A000213","164238"
"2021-08-01","Quebec","2021A000224","1891906"
"2021-08-01","Ontario","2021A000235","2831490"
"2021-08-01","Manitoba","2021A000246","304638"
"2021-08-01","Saskatchewan","2021A000247","228799"
"2021-08-01","Alberta","2021A000248","962083"
"2021-08-01","British Columbia","2021A000259","1241096"
"2021-08-01","Nunavut","2021A000262","35225"
"2021-09-01","Newfoundland and Labrador","2021A000210","114934"
"2021-09-01","Prince Edward Island","2021A000211","41274"
"2021-09-01","Nova Scotia","2021A000212","228160"
"2021-09-01","New Brunswick","2021A000213","164024"
"2021-09-01","Quebec","2021A000224","1864999"
"2021-09-01","Ontario","2021A000235","2957457"
"2021-09-01","Manitoba","2021A000246","295009"
"2021-09-01","Saskatchewan","2021A000247","246093"
"2021-09-01","Alberta","2021A000248","900633"
"2021-09-01","British Columbia","2021A000259","1249172"
"2021-09-01","Nunavut","2021A000262","35227"
"2021-10-01","Newfoundland and Labrador","2021A000210","118458"
"2021-10-01","Prince Edward Island","2021A000211","41536"
"2021-10-01","Nova Scotia","2021A000212","237880"
"2021-10-01","New Brunswick","2021A000213","161645"
"2021-10-01","Quebec","2021A000224","1944028"
"2021-10-01","Ontario","2021A000235","3065683"
"2021-10-01","Manitoba","2021A000246","312813"
"2021-10-01","Saskatchewan","2021A000247","255782"
"2021-10-01","Alberta","2021A000248","969418"
"2021-10-01","British Columbia","2021A000259","1280819"
"2021-10-01","Nunavut","2021A000262","36627"
"2021-11-01","Newfoundland and Labrador","2021A000210","112094"
"2021-11-01","Prince Edward Island","2021A000211","37413"
"2021-11-01","Nova Scotia","2021A000212","225891"
"2021-11-01","New Brunswick","2021A000213","157829"
"2021-11-01","Quebec","2021A000224","1870535"
"2021-11-01","Ontario","2021A000235","2889273"
"2021-11-01","Manitoba","2021A000246","295539"
"2021-11-01","Saskatchewan","2021A000247","240753"
"2021-11-01","Alberta","2021A000248","924034"
"2021-11-01","British Columbia","2021A000259","1244352"
"2021-11-01","Nunavut","2021A000262","36827"
"2021-12-01","Newfoundland and Labrador","2021A000210","136839"
"2021-12-01","Prince Edward Island","2021A000211","42513"
"2021-12-01","Nova Scotia","2021A000212","260894"
"2021-12-01","New Brunswick","2021A000213","180538"
"2021-12-01","Quebec","2021A000224","2185119"
"2021-12-01","Ontario","2021A000235","3203716"
"2021-12-01","Manitoba","2021A000246","307455"
"2021-12-01","Saskatchewan","2021A000247","275616"
"2021-12-01","Alberta","2021A000248","924198"
"2021-12-01","British Columbia","2021A000259","1320774"
"2021-12-01","Nunavut","2021A000262","41786"
"2022-01-01","Newfoundland and Labrador","2021A000210","119096"
"2022-01-01","Prince Edward Island","2021A000211","40331"
"2022-01-01","Nova Scotia","2021A000212","240392"
"2022-01-01","New Brunswick","2021A000213","169653"
"2022-01-01","Quebec","2021A000224","1973936"
"2022-01-01","Ontario","2021A000235","3061841"
"2022-01-01","Manitoba","2021A000246","286336"
"2022-01-01","Saskatchewan","2021A000247","254302"
"2022-01-01","Alberta","2021A000248","875307"
"2022-01-01","British Columbia","2021A000259","1168530"
"2022-01-01","Yukon","2021A000260","16513"
"2022-01-01","Northwest Territories","2021A000261","21357"
"2022-01-01","Nunavut","2021A000262","35772"
"2022-02-01","Newfoundland and Labrador","2021A000210","110587"
"2022-02-01","Prince Edward Island","2021A000211","37196"
"2022-02-01","Nova Scotia","2021A000212","216201"
"2022-02-01","New Brunswick","2021A000213","149673"
"2022-02-01","Quebec","2021A000224","1796419"
"2022-02-01","Ontario","2021A000235","2694049"
"2022-02-01","Manitoba","2021A000246","262568"
"2022-02-01","Saskatchewan","2021A000247","230101"
"2022-02-01","Alberta","2021A000248","783868"
"2022-02-01","British Columbia","2021A000259","1082491"
"2022-02-01","Yukon","2021A000260","15466"
"2022-02-01","Northwest Territories","2021A000261","20307"
"2022-02-01","Nunavut","2021A000262","33346"
"2022-03-01","Newfoundland and Labrador","2021A000210","118679"
"2022-03-01","Prince Edward Island","2021A000211","38821"
"2022-03-01","Nova Scotia","2021A000212","227812"
"2022-03-01","New Brunswick","2021A000213","160616"
"2022-03-01","Quebec","2021A000224","1945529"
"2022-03-01","Ontario","2021A000235","2995193"
"2022-03-01","Manitoba","2021A000246","308204"
"2022-03-01","Saskatchewan","2021A000247","267403"
"2022-03-01","Alberta","2021A000248","918829"
"2022-03-01","British Columbia","2021A000259","1230395"
"2022-03-01","Yukon","2021A000260","17387"
"2022-03-01","Northwest Territories","2021A000261","23429"
"2022-03-01","Nunavut","2021A000262","40407"
"2022-04-01","Newfoundland and Labrador","2021A000210","118106"
"2022-04-01","Prince Edward Island","2021A000211","39075"
"2022-04-01","Nova Scotia","2021A000212","229698"
"2022-04-01","New Brunswick","2021A000213","162368"
"2022-04-01","Quebec","2021A000224","1932059"
"2022-04-01","Ontario","2021A000235","3057636"
"2022-04-01","Manitoba","2021A000246","309607"
"2022-04-01","Saskatchewan","2021A000247","264055"
"2022-04-01","Alberta","2021A000248","932273"
"2022-04-01","British Columbia","2021A000259","1249786"
"2022-04-01","Yukon","2021A000260","17966"
"2022-04-01","Northwest Territories","2021A000261","23013"
"2022-04-01","Nunavut","2021A000262","37740"
"2022-05-01","Newfoundland and Labrador","2021A000210","124130"
"2022-05-01","Prince Edward Island","2021A000211","41171"
"2022-05-01","Nova Scotia","2021A000212","241489"
"2022-05-01","New Brunswick","2021A000213","166690"
"2022-05-01","Quebec","2021A000224","2037565"
"2022-05-01","Ontario","2021A000235","3013321"
"2022-05-01","Manitoba","2021A000246","315101"
"2022-05-01","Saskatchewan","2021A000247","270979"
"2022-05-01","Alberta","2021A000248","963749"
"2022-05-01","British Columbia","2021A000259","1258311"
"2022-05-01","Yukon","2021A000260","18561"
"2022-05-01","Northwest Territories","2021A000261","23479"
"2022-05-01","Nunavut","2021A000262","36781"
"2022-06-01","Newfoundland and Labrador","2021A000210","123442"
"2022-06-01","Prince Edward Island","2021A000211","43057"
"2022-06-01","Nova Scotia","2021A000212","238113"
"2022-06-01","New Brunswick","2021A000213","166568"
"2022-06-01","Quebec","2021A000224","2050821"
"2022-06-01","Ontario","2021A000235","2987111"
"2022-06-01","Manitoba","2021A000246","320796"
"2022-06-01","Saskatchewan","2021A000247","273356"
"2022-06-01","Alberta","2021A000248","942878"
"2022-06-01","British Columbia","2021A000259","1251967"
"2022-06-01","Yukon","2021A000260","19551"
"2022-06-01","Northwest Territories","2021A000261","23006"
"2022-06-01","Nunavut","2021A000262","36492"
"2022-07-01","Newfoundland and Labrador","2021A000210","130593"
"2022-07-01","Prince Edward Island","2021A000211","49003"
"2022-07-01","Nova Scotia","2021A000212","252206"
"2022-07-01","New Brunswick","2021A000213","175316"
"2022-07-01","Quebec","2021A000224","2065261"
"2022-07-01","Ontario","2021A000235","3063947"
"2022-07-01","Manitoba","2021A000246","334806"
"2022-07-01","Saskatchewan","2021A000247","281165"
"2022-07-01","Alberta","2021A000248","968789"
"2022-07-01","British Columbia","2021A000259","1366507"
"2022-07-01","Yukon","2021A000260","19346"
"2022-07-01","Northwest Territories","2021A000261","22263"
"2022-07-01","Nunavut","2021A000262","35635"
"2022-08-01","Newfoundland and Labrador","2021A000210","126470"
"2022-08-01","Prince Edward Island","2021A000211","48414"
"2022-08-01","Nova Scotia","2021A000212","247165"
"2022-08-01","New Brunswick","2021A000213","167960"
"2022-08-01","Quebec","2021A000224","2027406"
"2022-08-01","Ontario","2021A000235","2955791"
"2022-08-01","Manitoba","2021A000246","315648"
"2022-08-01","Saskatchewan","2021A000247","253837"
"2022-08-01","Alberta","2021A000248","955099"
"2022-08-01","British Columbia","2021A000259","1291373"
"2022-08-01","Yukon","2021A000260","19123"
"2022-08-01","Northwest Territories","2021A000261","22925"
"2022-08-01","Nunavut","2021A000262","36083"
"2022-09-01","Newfoundland and Labrador","2021A000210","121222"
"2022-09-01","Prince Edward Island","2021A000211","43815"
"2022-09-01","Nova Scotia","2021A000212","243642"
"2022-09-01","New Brunswick","2021A000213","164115"
"2022-09-01","Quebec","2021A000224","1995939"
"2022-09-01","Ontario","2021A000235","2967589"
"2022-09-01","Manitoba","2021A000246","314528"
"2022-09-01","Saskatchewan","2021A000247","254537"
"2022-09-01","Alberta","2021A000248","953704"
"2022-09-01","British Columbia","2021A000259","1239813"
"2022-09-01","Yukon","2021A000260","18338"
"2022-09-01","Northwest Territories","2021A000261","24559"
"2022-09-01","Nunavut","2021A000262","36214"
"2022-10-01","Newfoundland and Labrador","2021A000210","122441"
"2022-10-01","Prince Edward Island","2021A000211","46829"
"2022-10-01","Nova Scotia","2021A000212","249142"
"2022-10-01","New Brunswick","2021A000213","164446"
"2022-10-01","Quebec","2021A000224","2076386"
"2022-10-01","Ontario","2021A000235","3051643"
"2022-10-01","Manitoba","2021A000246","327961"
"2022-10-01","Saskatchewan","2021A000247","258755"
"2022-10-01","Alberta","2021A000248","988611"
"2022-10-01","British Columbia","2021A000259","1301845"
"2022-10-01","Yukon","2021A000260","18347"
"2022-10-01","Northwest Territories","2021A000261","23654"
"2022-10-01","Nunavut","2021A000262","38787"
"2022-11-01","Newfoundland and Labrador","2021A000210","117958"
"2022-11-01","Prince Edward Island","2021A000211","42272"
"2022-11-01","Nova Scotia","2021A000212","237768"
"2022-11-01","New Brunswick","2021A000213","161998"
"2022-11-01","Quebec","2021A000224","2025717"
"2022-11-01","Ontario","2021A000235","2966674"
"2022-11-01","Manitoba","2021A000246","316526"
"2022-11-01","Saskatchewan","2021A000247","263200"
"2022-11-01","Alberta","2021A000248","936410"
"2022-11-01","British Columbia","2021A000259","1244536"
"2022-11-01","Yukon","2021A000260","17375"
"2022-11-01","Northwest Territories","2021A000261","22563"
"2022-11-01","Nunavut","2021A000262","39656"
"2022-12-01","Newfoundland and Labrador","2021A000210","147713"
"2022-12-01","Prince Edward Island","2021A000211","48171"
"2022-12-01","Nova Scotia","2021A000212","276643"
"2022-12-01","New Brunswick","2021A000213","188319"
"2022-12-01","Quebec","2021A000224","2282379"
"2022-12-01","Ontario","2021A000235","3350213"
"2022-12-01","Manitoba","2021A000246","365803"
"2022-12-01","Saskatchewan","2021A000247","296232"
"2022-12-01","Alberta","2021A000248","1136215"
"2022-12-01","British Columbia","2021A000259","1426024"
"2022-12-01","Yukon","2021A000260","20125"
"2022-12-01","Northwest Territories","2021A000261","26101"
"2022-12-01","Nunavut","2021A000262","41380"
"2023-01-01","Newfoundland and Labrador","2021A000210","119808"
"2023-01-01","Prince Edward Island","2021A000211","40658"
"2023-01-01","Nova Scotia","2021A000212","231034"
"2023-01-01","New Brunswick","2021A000213","158355"
"2023-01-01","Quebec","2021A000224","1975869"
"2023-01-01","Ontario","2021A000235","2930910"
"2023-01-01","Manitoba","2021A000246","298670"
"2023-01-01","Saskatchewan","2021A000247","241610"
"2023-01-01","Alberta","2021A000248","975830"
"2023-01-01","British Columbia","2021A000259","1292218"
"2023-01-01","Yukon","2021A000260","16656"
"2023-01-01","Northwest Territories","2021A000261","22402"
"2023-01-01","Nunavut","2021A000262","35329"
"2023-02-01","Newfoundland and Labrador","2021A000210","113725"
"2023-02-01","Prince Edward Island","2021A000211","36228"
"2023-02-01","Nova Scotia","2021A000212","214579"
"2023-02-01","New Brunswick","2021A000213","150814"
"2023-02-01","Quebec","2021A000224","1876328"
"2023-02-01","Ontario","2021A000235","2751366"
"2023-02-01","Manitoba","2021A000246","288986"
"2023-02-01","Saskatchewan","2021A000247","205249"
"2023-02-01","Alberta","2021A000248","923506"
"2023-02-01","British Columbia","2021A000259","1224170"
"2023-02-01","Yukon","2021A000260","16147"
"2023-02-01","Northwest Territories","2021A000261","21764"
"2023-02-01","Nunavut","2021A000262","36616"
"2023-03-01","Newfoundland and Labrador","2021A000210","129927"
"2023-03-01","Prince Edward Island","2021A000211","41827"
"2023-03-01","Nova Scotia","2021A000212","243158"
"2023-03-01","New Brunswick","2021A000213","167627"
"2023-03-01","Quebec","2021A000224","2165344"
"2023-03-01","Ontario","2021A000235","3109737"
"2023-03-01","Manitoba","2021A000246","334196"
"2023-03-01","Saskatchewan","2021A000247","252610"
"2023-03-01","Alberta","2021A000248","1029639"
"2023-03-01","British Columbia","2021A000259","1305451"
"2023-03-01","Yukon","2021A000260","18424"
"2023-03-01","Northwest Territories","2021A000261","25130"
"2023-03-01","Nunavut","2021A000262","43491"
"2023-04-01","Newfoundland and Labrador","2021A000210","125539"
"2023-04-01","Prince Edward Island","2021A000211","40276"
"2023-04-01","Nova Scotia","2021A000212","236862"
"2023-04-01","New Brunswick","2021A000213","162073"
"2023-04-01","Quebec","2021A000224","2094618"
"2023-04-01","Ontario","2021A000235","3094920"
"2023-04-01","Manitoba","2021A000246","323513"
"2023-04-01","Saskatchewan","2021A000247","259336"
"2023-04-01","Alberta","2021A000248","1045370"
"2023-04-01","British Columbia","2021A000259","1322997"
"2023-04-01","Yukon","2021A000260","18945"
"2023-04-01","Northwest Territories","2021A000261","23925"
"2023-04-01","Nunavut","2021A000262","39607"
"2023-05-01","Newfoundland and Labrador","2021A000210","130953"
"2023-05-01","Prince Edward Island","2021A000211","45339"
"2023-05-01","Nova Scotia","2021A000212","258764"
"2023-05-01","New Brunswick","2021A000213","174431"
"2023-05-01","Quebec","2021A000224","2226678"
"2023-05-01","Ontario","2021A000235","3296982"
"2023-05-01","Manitoba","2021A000246","345783"
"2023-05-01","Saskatchewan","2021A000247","269916"
"2023-05-01","Alberta","2021A000248","1086865"
"2023-05-01","British Columbia","2021A000259","1360182"
"2023-05-01","Yukon","2021A000260","20886"
"2023-05-01","Northwest Territories","2021A000261","25136"
"2023-05-01","Nunavut","2021A000262","39322"
"2023-06-01","Newfoundland and Labrador","2021A000210","135802"
"2023-06-01","Prince Edward Island","2021A000211","47836"
"2023-06-01","Nova Scotia","2021A000212","264585"
"2023-06-01","New Brunswick","2021A000213","178502"
"2023-06-01","Quebec","2021A000224","2215792"
"2023-06-01","Ontario","2021A000235","3294728"
"2023-06-01","Manitoba","2021A000246","346954"
"2023-06-01","Saskatchewan","2021A000247","276129"
"2023-06-01","Alberta","2021A000248","1073064"
"2023-06-01","British Columbia","2021A000259","1362379"
"2023-06-01","Yukon","2021A000260","22066"
"2023-06-01","Northwest Territories","2021A000261","26176"
"2023-06-01","Nunavut","2021A000262","38797"
"2023-07-01","Newfoundland and Labrador","2021A000210","139386"
"2023-07-01","Prince Edward Island","2021A000211","51790"
"2023-07-01","Nova Scotia","2021A000212","268877"
"2023-07-01","New Brunswick","2021A000213","184122"
"2023-07-01","Quebec","2021A000224","2249405"
"2023-07-01","Ontario","2021A000235","3301097"
"2023-07-01","Manitoba","2021A000246","351536"
"2023-07-01","Saskatchewan","2021A000247","278177"
"2023-07-01","Alberta","2021A000248","1048147"
"2023-07-01","British Columbia","2021A000259","1403694"
"2023-07-01","Yukon","2021A000260","22698"
"2023-07-01","Northwest Territories","2021A000261","23928"
"2023-07-01","Nunavut","2021A000262","37220"
"2023-08-01","Newfoundland and Labrador","2021A000210","140480"
"2023-08-01","Prince Edward Island","2021A000211","52295"
"2023-08-01","Nova Scotia","2021A000212","269227"
"2023-08-01","New Brunswick","2021A000213","182109"
"2023-08-01","Quebec","2021A000224","2218445"
"2023-08-01","Ontario","2021A000235","3135712"
"2023-08-01","Manitoba","2021A000246","343638"
"2023-08-01","Saskatchewan","2021A000247","271997"
"2023-08-01","Alberta","2021A000248","1038590"
"2023-08-01","British Columbia","2021A000259","1358696"
"2023-08-01","Yukon","2021A000260","22437"
"2023-08-01","Northwest Territories","2021A000261","21137"
"2023-08-01","Nunavut","2021A000262","39593"
"2023-09-01","Newfoundland and Labrador","2021A000210","133792"
"2023-09-01","Prince Edward Island","2021A000211","45293"
"2023-09-01","Nova Scotia","2021A000212","259063"
"2023-09-01","New Brunswick","2021A000213","175211"
"2023-09-01","Quebec","2021A000224","2157355"
"2023-09-01","Ontario","2021A000235","3182932"
"2023-09-01","Manitoba","2021A000246","340837"
"2023-09-01","Saskatchewan","2021A000247","278769"
"2023-09-01","Alberta","2021A000248","1043634"
"2023-09-01","British Columbia","2021A000259","1343286"
"2023-09-01","Yukon","2021A000260","20907"
"2023-09-01","Northwest Territories","2021A000261","22503"
"2023-09-01","Nunavut","2021A000262","41365"
"2023-10-01","Newfoundland and Labrador","2021A000210","122237"
"2023-10-01","Prince Edward Island","2021A000211","42516"
"2023-10-01","Nova Scotia","2021A000212","241100"
"2023-10-01","New Brunswick","2021A000213","168191"
"2023-10-01","Quebec","2021A000224","2172684"
"2023-10-01","Ontario","2021A000235","3080780"
"2023-10-01","Manitoba","2021A000246","327043"
"2023-10-01","Saskatchewan","2021A000247","265047"
"2023-10-01","Alberta","2021A000248","1003606"
"2023-10-01","British Columbia","2021A000259","1306682"
"2023-10-01","Yukon","2021A000260","19461"
"2023-10-01","Northwest Territories","2021A000261","24757"
"2023-10-01","Nunavut","2021A000262","42324"
"2023-11-01","Newfoundland and Labrador","2021A000210","117798"
"2023-11-01","Prince Edward Island","2021A000211","40462"
"2023-11-01","Nova Scotia","2021A000212","231739"
"2023-11-01","New Brunswick","2021A000213","163179"
"2023-11-01","Quebec","2021A000224","2119130"
"2023-11-01","Ontario","2021A000235","3041526"
"2023-11-01","Manitoba","2021A000246","325188"
"2023-11-01","Saskatchewan","2021A000247","258321"
"2023-11-01","Alberta","2021A000248","1017811"
"2023-11-01","British Columbia","2021A000259","1288563"
"2023-11-01","Yukon","2021A000260","19028"
"2023-11-01","Northwest Territories","2021A000261","23608"
"2023-11-01","Nunavut","2021A000262","37821"
"2023-12-01","Newfoundland and Labrador","2021A000210","142756"
"2023-12-01","Prince Edward Island","2021A000211","45986"
"2023-12-01","Nova Scotia","2021A000212","268696"
"2023-12-01","New Brunswick","2021A000213","188773"
"2023-12-01","Quebec","2021A000224","2376807"
"2023-12-01","Ontario","2021A000235","3465641"
"2023-12-01","Manitoba","2021A000246","367143"
"2023-12-01","Saskatchewan","2021A000247","294529"
"2023-12-01","Alberta","2021A000248","1150168"
"2023-12-01","British Columbia","2021A000259","1455360"
"2023-12-01","Yukon","2021A000260","21386"
"2023-12-01","Northwest Territories","2021A000261","27190"
"2023-12-01","Nunavut","2021A000262","42368"
"2024-01-01","Newfoundland and Labrador","2021A000210","120727"
"2024-01-01","Prince Edward Island","2021A000211","40284"
"2024-01-01","Nova Scotia","2021A000212","231594"
"2024-01-01","New Brunswick","2021A000213","163509"
"2024-01-01","Quebec","2021A000224","2058629"
"2024-01-01","Ontario","2021A000235","3040568"
"2024-01-01","Manitoba","2021A000246","310047"
"2024-01-01","Saskatchewan","2021A000247","245695"
"2024-01-01","Alberta","2021A000248","1013473"
"2024-01-01","British Columbia","2021A000259","1292231"
"2024-01-01","Yukon","2021A000260","17777"
"2024-01-01","Northwest Territories","2021A000261","22867"
"2024-01-01","Nunavut","2021A000262","36386"
"2024-02-01","Newfoundland and Labrador","2021A000210","116524"
"2024-02-01","Prince Edward Island","2021A000211","38465"
"2024-02-01","Nova Scotia","2021A000212","224628"
"2024-02-01","New Brunswick","2021A000213","156963"
"2024-02-01","Quebec","2021A000224","1998745"
"2024-02-01","Ontario","2021A000235","2942824"
"2024-02-01","Manitoba","2021A000246","306473"
"2024-02-01","Saskatchewan","2021A000247","243390"
"2024-02-01","Alberta","2021A000248","976378"
"2024-02-01","British Columbia","2021A000259","1280708"
"2024-02-01","Yukon","2021A000260","17926"
"2024-02-01","Northwest Territories","2021A000261","23616"
"2024-02-01","Nunavut","2021A000262","36326"
"2024-03-01","Newfoundland and Labrador","2021A000210","127891"
"2024-03-01","Prince Edward Island","2021A000211","40866"
"2024-03-01","Nova Scotia","2021A000212","239146"
"2024-03-01","New Brunswick","2021A000213","173062"
"2024-03-01","Quebec","2021A000224","2196146"
"2024-03-01","Ontario","2021A000235","3227092"
"2024-03-01","Manitoba","2021A000246","337903"
"2024-03-01","Saskatchewan","2021A000247","277507"
"2024-03-01","Alberta","2021A000248","1073219"
"2024-03-01","British Columbia","2021A000259","1373180"
"2024-03-01","Yukon","2021A000260","20178"
"2024-03-01","Northwest Territories","2021A000261","26119"
"2024-03-01","Nunavut","2021A000262","42923"
"2024-04-01","Newfoundland and Labrador","2021A000210","116656"
"2024-04-01","Prince Edward Island","2021A000211","38677"
"2024-04-01","Nova Scotia","2021A000212","221796"
"2024-04-01","New Brunswick","2021A000213","160506"
"2024-04-01","Quebec","2021A000224","2086003"
"2024-04-01","Ontario","2021A000235","3034971"
"2024-04-01","Manitoba","2021A000246","320055"
"2024-04-01","Saskatchewan","2021A000247","264696"
"2024-04-01","Alberta","2021A000248","1005428"
"2024-04-01","British Columbia","2021A000259","1281003"
"2024-04-01","Yukon","2021A000260","19077"
"2024-04-01","Northwest Territories","2021A000261","24554"
"2024-04-01","Nunavut","2021A000262","42308"
"2024-05-01","Newfoundland and Labrador","2021A000210","128241"
"2024-05-01","Prince Edward Island","2021A000211","43050"
"2024-05-01","Nova Scotia","2021A000212","244743"
"2024-05-01","New Brunswick","2021A000213","177048"
"2024-05-01","Quebec","2021A000224","2282719"
"2024-05-01","Ontario","2021A000235","3299753"
"2024-05-01","Manitoba","2021A000246","345872"
"2024-05-01","Saskatchewan","2021A000247","301111"
"2024-05-01","Alberta","2021A000248","1084247"
"2024-05-01","British Columbia","2021A000259","1405737"
"2024-05-01","Yukon","2021A000260","21917"
"2024-05-01","Northwest Territories","2021A000261","26381"
"2024-05-01","Nunavut","2021A000262","42102"
"2024-06-01","Newfoundland and Labrador","2021A000210","127384"
"2024-06-01","Prince Edward Island","2021A000211","44979"
"2024-06-01","Nova Scotia","2021A000212","247589"
"2024-06-01","New Brunswick","2021A000213","178101"
"2024-06-01","Quebec","2021A000224","2287607"
"2024-06-01","Ontario","2021A000235","3258960"
"2024-06-01","Manitoba","2021A000246","345348"
"2024-06-01","Saskatchewan","2021A000247","288761"
"2024-06-01","Alberta","2021A000248","1063016"
"2024-06-01","British Columbia","2021A000259","1373667"
"2024-06-01","Yukon","2021A000260","22295"
"2024-06-01","Northwest Territories","2021A000261","26294"
"2024-06-01","Nunavut","2021A000262","39654"
"2024-07-01","Newfoundland and Labrador","2021A000210","127421"
"2024-07-01","Prince Edward Island","2021A000211","47924"
"2024-07-01","Nova Scotia","2021A000212","250711"
"2024-07-01","New Brunswick","2021A000213","181376"
"2024-07-01","Quebec","2021A000224","2262304"
"2024-07-01","Ontario","2021A000235","3208289"
"2024-07-01","Manitoba","2021A000246","344630"
"2024-07-01","Saskatchewan","2021A000247","284031"
"2024-07-01","Alberta","2021A000248","1058433"
"2024-07-01","British Columbia","2021A000259","1402094"
"2024-07-01","Yukon","2021A000260","22495"
"2024-07-01","Northwest Territories","2021A000261","26059"
"2024-07-01","Nunavut","2021A000262","41219"
"2024-08-01","Newfoundland and Labrador","2021A000210","132934"
"2024-08-01","Prince Edward Island","2021A000211","49179"
"2024-08-01","Nova Scotia","2021A000212","257680"
"2024-08-01","New Brunswick","2021A000213","183404"
"2024-08-01","Quebec","2021A000224","2348237"
"2024-08-01","Ontario","2021A000235","3269401"
"2024-08-01","Manitoba","2021A000246","354490"
"2024-08-01","Saskatchewan","2021A000247","297943"
"2024-08-01","Alberta","2021A000248","1083891"
"2024-08-01","British Columbia","2021A000259","1416067"
"2024-08-01","Yukon","2021A000260","23303"
"2024-08-01","Northwest Territories","2021A000261","26002"
"2024-08-01","Nunavut","2021A000262","43220"
"2024-09-01","Newfoundland and Labrador","2021A000210","118935"
"2024-09-01","Prince Edward Island","2021A000211","41885"
"2024-09-01","Nova Scotia","2021A000212","235001"
"2024-09-01","New Brunswick","2021A000213","164189"
"2024-09-01","Quebec","2021A000224","2202717"
"2024-09-01","Ontario","2021A000235","3106573"
"2024-09-01","Manitoba","2021A000246","327907"
"2024-09-01","Saskatchewan","2021A000247","273438"
"2024-09-01","Alberta","2021A000248","1027781"
"2024-09-01","British Columbia","2021A000259","1288534"
"2024-09-01","Yukon","2021A000260","20760"
"2024-09-01","Northwest Territories","2021A000261","24741"
"2024-09-01","Nunavut","2021A000262","42448"
"2024-10-01","Newfoundland and Labrador","2021A000210","121705"
"2024-10-01","Prince Edward Island","2021A000211","42658"
"2024-10-01","Nova Scotia","2021A000212","246778"
"2024-10-01","New Brunswick","2021A000213","173392"
"2024-10-01","Quebec","2021A000224","2272964"
"2024-10-01","Ontario","2021A000235","3262609"
"2024-10-01","Manitoba","2021A000246","349016"
"2024-10-01","Saskatchewan","2021A000247","299275"
"2024-10-01","Alberta","2021A000248","1079959"
"2024-10-01","British Columbia","2021A000259","1352927"
"2024-10-01","Yukon","2021A000260","21128"
"2024-10-01","Northwest Territories","2021A000261","25616"
"2024-10-01","Nunavut","2021A000262","44333"
"2024-11-01","Newfoundland and Labrador","2021A000210","118275"
"2024-11-01","Prince Edward Island","2021A000211","40502"
"2024-11-01","Nova Scotia","2021A000212","239211"
"2024-11-01","New Brunswick","2021A000213","167854"
"2024-11-01","Quebec","2021A000224","2269319"
"2024-11-01","Ontario","2021A000235","3141058"
"2024-11-01","Manitoba","2021A000246","342987"
"2024-11-01","Saskatchewan","2021A000247","301378"
"2024-11-01","Alberta","2021A000248","1059517"
"2024-11-01","British Columbia","2021A000259","1337318"
"2024-11-01","Yukon","2021A000260","20548"
"2024-11-01","Northwest Territories","2021A000261","24680"
"2024-11-01","Nunavut","2021A000262","43241"
"2024-12-01","Newfoundland and Labrador","2021A000210","135311"
"2024-12-01","Prince Edward Island","2021A000211","44406"
"2024-12-01","Nova Scotia","2021A000212","265995"
"2024-12-01","New Brunswick","2021A000213","188317"
"2024-12-01","Quebec","2021A000224","2458330"
"2024-12-01","Ontario","2021A000235","3347417"
"2024-12-01","Manitoba","2021A000246","365702"
"2024-12-01","Saskatchewan","2021A000247","317442"
"2024-12-01","Alberta","2021A000248","1164316"
"2024-12-01","British Columbia","2021A000259","1431372"
"2024-12-01","Yukon","2021A000260","22180"
"2024-12-01","Northwest Territories","2021A000261","27387"
"2024-12-01","Nunavut","2021A000262","45255"
"2025-01-01","Newfoundland and Labrador","2021A000210","117141"
"2025-01-01","Prince Edward Island","2021A000211","39779"
"2025-01-01","Nova Scotia","2021A000212","238259"
"2025-01-01","New Brunswick","2021A000213","169618"
"2025-01-01","Quebec","2021A000224","2179569"
"2025-01-01","Ontario","2021A000235","3147001"
"2025-01-01","Manitoba","2021A000246","323451"
"2025-01-01","Saskatchewan","2021A000247","284311"
"2025-01-01","Alberta","2021A000248","1061656"
"2025-01-01","British Columbia","2021A000259","1360772"
"2025-01-01","Yukon","2021A000260","19300"
"2025-01-01","Northwest Territories","2021A000261","24871"
"2025-01-01","Nunavut","2021A000262","40727"
"2025-02-01","Newfoundland and Labrador","2021A000210","112067"
"2025-02-01","Prince Edward Island","2021A000211","37435"
"2025-02-01","Nova Scotia","2021A000212","222845"
"2025-02-01","New Brunswick","2021A000213","159107"
"2025-02-01","Quebec","2021A000224","2067969"
"2025-02-01","Ontario","2021A000235","2938681"
"2025-02-01","Manitoba","2021A000246","307183"
"2025-02-01","Saskatchewan","2021A000247","276023"
"2025-02-01","Alberta","2021A000248","979161"
"2025-02-01","British Columbia","2021A000259","1274126"
"2025-02-01","Yukon","2021A000260","18240"
"2025-02-01","Northwest Territories","2021A000261","23271"
"2025-02-01","Nunavut","2021A000262","38428"
"2025-03-01","Newfoundland and Labrador","2021A000210","122409"
"2025-03-01","Prince Edward Island","2021A000211","39503"
"2025-03-01","Nova Scotia","2021A000212","242299"
"2025-03-01","New Brunswick","2021A000213","178493"
"2025-03-01","Quebec","2021A000224","2286123"
"2025-03-01","Ontario","2021A000235","3247066"
"2025-03-01","Manitoba","2021A000246","351181"
"2025-03-01","Saskatchewan","2021A000247","311433"
"2025-03-01","Alberta","2021A000248","1075495"
"2025-03-01","British Columbia","2021A000259","1360949"
"2025-03-01","Yukon","2021A000260","20574"
"2025-03-01","Northwest Territories","2021A000261","26573"
"2025-03-01","Nunavut","2021A000262","46078"
"2025-04-01","Newfoundland and Labrador","2021A000210","120617"
"2025-04-01","Prince Edward Island","2021A000211","39522"
"2025-04-01","Nova Scotia","2021A000212","239808"
"2025-04-01","New Brunswick","2021A000213","177349"
"2025-04-01","Quebec","2021A000224","2192214"
"2025-04-01","Ontario","2021A000235","3188020"
"2025-04-01","Manitoba","2021A000246","345239"
"2025-04-01","Saskatchewan","2021A000247","294871"
"2025-04-01","Alberta","2021A000248","1063650"
"2025-04-01","British Columbia","2021A000259","1418647"
"2025-04-01","Yukon","2021A000260","20610"
"2025-04-01","Northwest Territories","2021A000261","26076"
"2025-04-01","Nunavut","2021A000262","43725"
"2025-05-01","Newfoundland and Labrador","2021A000210","134927"
"2025-05-01","Prince Edward Island","2021A000211","44816"
"2025-05-01","Nova Scotia","2021A000212","263546"
"2025-05-01","New Brunswick","2021A000213","193987"
"2025-05-01","Quebec","2021A000224","2464204"
"2025-05-01","Ontario","2021A000235","3496650"
"2025-05-01","Manitoba","2021A000246","393777"
"2025-05-01","Saskatchewan","2021A000247","333039"
"2025-05-01","Alberta","2021A000248","1164811"
"2025-05-01","British Columbia","2021A000259","1513587"
"2025-05-01","Yukon","2021A000260","23318"
"2025-05-01","Northwest Territories","2021A000261","27008"
"2025-05-01","Nunavut","2021A000262","43460"
"2025-06-01","Newfoundland and Labrador","2021A000210","126502"
"2025-06-01","Prince Edward Island","2021A000211","43216"
"2025-06-01","Nova Scotia","2021A000212","248014"
"2025-06-01","New Brunswick","2021A000213","184627"
"2025-06-01","Quebec","2021A000224","2368522"
"2025-06-01","Ontario","2021A000235","3256799"
"2025-06-01","Manitoba","2021A000246","365712"
"2025-06-01","Saskatchewan","2021A000247","309069"
"2025-06-01","Alberta","2021A000248","1074517"
"2025-06-01","British Columbia","2021A000259","1435294"
"2025-06-01","Yukon","2021A000260","22766"
"2025-06-01","Northwest Territories","2021A000261","27137"
"2025-06-01","Nunavut","2021A000262","39584"
"2025-07-01","Newfoundland and Labrador","2021A000210","129596"
"2025-07-01","Prince Edward Island","2021A000211","48027"
"2025-07-01","Nova Scotia","2021A000212","256007"
"2025-07-01","New Brunswick","2021A000213","193284"
"2025-07-01","Quebec","2021A000224","2411162"
"2025-07-01","Ontario","2021A000235","3269748"
"2025-07-01","Manitoba","2021A000246","362881"
"2025-07-01","Saskatchewan","2021A000247","311475"
"2025-07-01","Alberta","2021A000248","1080814"
"2025-07-01","British Columbia","2021A000259","1463039"
"2025-07-01","Yukon","2021A000260","23651"
"2025-07-01","Northwest Territories","2021A000261","27742"
"2025-07-01","Nunavut","2021A000262","40164"
"2025-08-01","Newfoundland and Labrador","2021A000210","136054"
"2025-08-01","Prince Edward Island","2021A000211","49224"
"2025-08-01","Nova Scotia","2021A000212","263150"
"2025-08-01","New Brunswick","2021A000213","193101"
"2025-08-01","Quebec","2021A000224","2496877"
"2025-08-01","Ontario","2021A000235","3345781"
"2025-08-01","Manitoba","2021A000246","362855"
"2025-08-01","Saskatchewan","2021A000247","308942"
"2025-08-01","Alberta","2021A000248","1082428"
"2025-08-01","British Columbia","2021A000259","1445664"
"2025-08-01","Yukon","2021A000260","23613"
"2025-08-01","Northwest Territories","2021A000261","22495"
"2025-08-01","Nunavut","2021A000262","40204"
"2025-09-01","Newfoundland and Labrador","2021A000210","125627"
"2025-09-01","Prince Edward Island","2021A000211","42284"
"2025-09-01","Nova Scotia","2021A000212","239352"
"2025-09-01","New Brunswick","2021A000213","172156"
"2025-09-01","Quebec","2021A000224","2227048"
"2025-09-01","Ontario","2021A000235","3152122"
"2025-09-01","Manitoba","2021A000246","346908"
"2025-09-01","Saskatchewan","2021A000247","282583"
"2025-09-01","Alberta","2021A000248","1058446"
"2025-09-01","British Columbia","2021A000259","1352242"
"2025-09-01","Yukon","2021A000260","21754"
"2025-09-01","Northwest Territories","2021A000261","20470"
"2025-09-01","Nunavut","2021A000262","39685"
"2025-10-01","Newfoundland and Labrador","2021A000210","125438"
"2025-10-01","Prince Edward Island","2021A000211","43800"
"2025-10-01","Nova Scotia","2021A000212","251719"
"2025-10-01","New Brunswick","2021A000213","178696"
"2025-10-01","Quebec","2021A000224","2348075"
"2025-10-01","Ontario","2021A000235","3318478"
"2025-10-01","Manitoba","2021A000246","368588"
"2025-10-01","Saskatchewan","2021A000247","292815"
"2025-10-01","Alberta","2021A000248","1096108"
"2025-10-01","British Columbia","2021A000259","1427485"
"2025-10-01","Yukon","2021A000260","21376"
"2025-10-01","Northwest Territories","2021A000261","21191"
"2025-10-01","Nunavut","2021A000262","44220"
"2025-11-01","Newfoundland and Labrador","2021A000210","118921"
"2025-11-01","Prince Edward Island","2021A000211","40151"
"2025-11-01","Nova Scotia","2021A000212","239397"
"2025-11-01","New Brunswick","2021A000213","173668"
"2025-11-01","Quebec","2021A000224","2333696"
"2025-11-01","Ontario","2021A000235","3212950"
"2025-11-01","Manitoba","2021A000246","358242"
"2025-11-01","Saskatchewan","2021A000247","284833"
"2025-11-01","Alberta","2021A000248","1098185"
"2025-11-01","British Columbia","2021A000259","1384586"
"2025-11-01","Yukon","2021A000260","20331"
"2025-11-01","Northwest Territories","2021A000261","20521"
"2025-11-01","Nunavut","2021A000262","40400"
"2025-12-01","Newfoundland and Labrador","2021A000210","136085"
"2025-12-01","Prince Edward Island","2021A000211","44749"
"2025-12-01","Nova Scotia","2021A000212","265274"
"2025-12-01","New Brunswick","2021A000213","198672"
"2025-12-01","Quebec","2021A000224","2517781"
"2025-12-01","Ontario","2021A000235","3384361"
"2025-12-01","Manitoba","2021A000246","382612"
"2025-12-01","Saskatchewan","2021A000247","306315"
"2025-12-01","Alberta","2021A000248","1199105"
"2025-12-01","British Columbia","2021A000259","1500446"
"2025-12-01","Yukon","2021A000260","21238"
"2025-12-01","Northwest Territories","2021A000261","23128"
"2025-12-01","Nunavut","2021A000262","45778"
"2026-01-01","Newfoundland and Labrador","2021A000210","120790"
"2026-01-01","Prince Edward Island","2021A000211","42286"
"2026-01-01","Nova Scotia","2021A000212","254304"
"2026-01-01","New Brunswick","2021A000213","184308"
"2026-01-01","Quebec","2021A000224","2297218"
"2026-01-01","Ontario","2021A000235","3349518"
"2026-01-01","Manitoba","2021A000246","351151"
"2026-01-01","Saskatchewan","2021A000247","281982"
"2026-01-01","Alberta","2021A000248","1130173"
"2026-01-01","British Columbia","2021A000259","1434096"
"2026-01-01","Yukon","2021A000260","20885"
"2026-01-01","Northwest Territories","2021A000261","19376"
"2026-01-01","Nunavut","2021A000262","40460"
"2026-02-01","Newfoundland and Labrador","2021A000210","110972"
"2026-02-01","Prince Edward Island","2021A000211","37077"
"2026-02-01","Nova Scotia","2021A000212","218051"
"2026-02-01","New Brunswick","2021A000213","161530"
"2026-02-01","Quebec","2021A000224","2117857"
"2026-02-01","Ontario","2021A000235","3047445"
"2026-02-01","Manitoba","2021A000246","325404"
"2026-02-01","Saskatchewan","2021A000247","254517"
"2026-02-01","Alberta","2021A000248","1025742"
"2026-02-01","British Columbia","2021A000259","1337290"
"2026-02-01","Yukon","2021A000260","18856"
"2026-02-01","Northwest Territories","2021A000261","18281"
"2026-02-01","Nunavut","2021A000262","40042"
"2026-03-01","Newfoundland and Labrador","2021A000210","123074"
"2026-03-01","Prince Edward Island","2021A000211","39749"
"2026-03-01","Nova Scotia","2021A000212","239788"
"2026-03-01","New Brunswick","2021A000213","176388"
"2026-03-01","Quebec","2021A000224","2300946"
"2026-03-01","Ontario","2021A000235","3311342"
"2026-03-01","Manitoba","2021A000246","361008"
"2026-03-01","Saskatchewan","2021A000247","277813"
"2026-03-01","Alberta","2021A000248","1124002"
"2026-03-01","British Columbia","2021A000259","1394037"
"2026-03-01","Yukon","2021A000260","20945"
"2026-03-01","Northwest Territories","2021A000261","20747"
"2026-03-01","Nunavut","2021A000262","47158"
"2026-04-01","Newfoundland and Labrador","2021A000210","116048"
"2026-04-01","Prince Edward Island","2021A000211","39117"
"2026-04-01","Nova Scotia","2021A000212","228504"
"2026-04-01","New Brunswick","2021A000213","172276"
"2026-04-01","Quebec","2021A000224","2258130"
"2026-04-01","Ontario","2021A000235","3214866"
"2026-04-01","Manitoba","2021A000246","349289"
"2026-04-01","Saskatchewan","2021A000247","271882"
"2026-04-01","Alberta","2021A000248","1080881"
"2026-04-01","British Columbia","2021A000259","1385840"
"2026-04-01","Yukon","2021A000260","21400"
"2026-04-01","Northwest Territories","2021A000261","20242"
"2026-04-01","Nunavut","2021A000262","45746"
"2026-05-01","Newfoundland and Labrador","2021A000210","123563"
"2026-05-01","Prince Edward Island","2021A000211","43751"
"2026-05-01","Nova Scotia","2021A000212","250145"
"2026-05-01","New Brunswick","2021A000213","188933"
"2026-05-01","Quebec","2021A000224","2524514"
"2026-05-01","Ontario","2021A000235","3517117"
"2026-05-01","Manitoba","2021A000246","377825"
"2026-05-01","Saskatchewan","2021A000247","294860"
"2026-05-01","Alberta","2021A000248","1171117"
"2026-05-01","British Columbia","2021A000259","1490012"
"2026-05-01","Yukon","2021A000260","23546"
"2026-05-01","Northwest Territories","2021A000261","21062"
"2026-05-01","Nunavut","2021A000262","47096"
